{
 "Debug info": "unregistered",
 "Device ID": 0,
 "Description": "2.22.12.77",
 "Version": "2.22.12.77",
 "App": "com.whatsapp.w4b",
 "MDEnabled": true,
 "HasMdCompanion": false,
 "LC": "GB",
 "LG": "en",
 "Context": "blocked +94764640188",
 "Carrier": "Dialog",
 "Manufacturer": "realme",
 "Model": "RMX2185",
 "useragent": "WhatsApp\/2.22.12.77 SMBA\/10 Device\/realme-RMX2185",
 "CPU ABI": "arm64-v8a",
 "OS": "10",
 "Socket Conn": "SC\/XC",
 "Radio MCC-MNC": "413-02",
 "SIM MCC-MNC": "413-02",
 "Free Space Built-In": "9420513280 (9.42 GB)",
 "Free Space Removable": "9210798080 (9.21 GB)",
 "FAQ Results Returned": 15,
 "FAQ Results Read": 0,
 "Smb count": "19",
 "Ent count": "0",
 "CCode": " ",
 "Target": "release",
 "Product": "RMX2185",
 "Device": "RMX2185",
 "Build": "RMX2185_11_A.105",
 "Board": "oppo6765",
 "Kernel": "Unknown release unknown version",
 "Connection": "M.O.B.I.L.E. (L.T.E.)",
 "Device ISO8601": "2022-06-20 15:18:19.807+0530",
 "Phone Type": "G.S.M.",
 "Network Type": "U.N.K.N.O.W.N.",
 "Missing Permissions": "android.permission.ACCESS_COARSE_LOCATION, android.permission.ACCESS_FINE_LOCATION, android.permission.INSTALL_SHORTCUT, android.permission.READ_PHONE_NUMBERS, android.permission.READ_PHONE_STATE, android.permission.RECORD_AUDIO, android.permission.SCHEDULE_EXACT_ALARM, android.permission.REQUEST_INSTALL_PACKAGES, com.sec.android.provider.badge.permission.READ, com.sec.android.provider.badge.permission.WRITE, com.htc.launcher.permission.READ_SETTINGS, com.htc.launcher.permission.UPDATE_SHORTCUT, com.sonyericsson.home.permission.BROADCAST_BADGE, com.sonymobile.home.permission.PROVIDER_INSERT_BADGE, com.huawei.android.launcher.permission.READ_SETTINGS, com.huawei.android.launcher.permission.WRITE_SETTINGS, com.huawei.android.launcher.permission.CHANGE_BADGE, android.permission.CALL_PHONE, android.permission.ANSWER_PHONE_CALLS, android.permission.READ_CALL_LOG",
 "Architecture": "aarch64",
 "Diagnostic Codes": "FE-GDE FE-GDC FE-VIDC FE-SMSRTV ",
 "Sim": "null 5",
 "Network metered": "426:true;427:false",
 "Network restricted": "426:false;427:true",
 "AutoConf status": "autoconf_server_enabled",
 "Data roaming": "false",
 "Tel roaming": "false",
 "ABprops hash state": "unregistered",
 "Serverprops hash state": "unregistered",
 "Video transcode": "supported",
 "anid": "c871c841-ab8f-4008-be3d-de5d2a56ef2f",
 "XPMigrated": "no",
 "Datacenter": "frc",
 "Screen reader": false,
 "Fingerprint eligible": false,
 "Last local backup time": "never",
 "Google account added": false,
 "Groups media visibility": "default",
 "Individual media visibility": "default",
 "In scoped mode": false,
 "Has unexpected .nomedia": false,
 "Is Tablet": false,
 "Is Foldable": false
}